16-Apr-2020 22:08:00, inb, 2x hot sand walk, 25
17-Apr-2020 17:46:28, inb, blue shorthair fur token, 888
17-Apr-2020 17:46:28, inb, sameowrai's gauntlets token, 971
17-Apr-2020 17:46:28, inb, sameowrai's bow token, 1
17-Apr-2020 17:46:28, inb, sameowrai's tabi token, 1
17-Apr-2020 17:46:28, inb, sameowrai's helmet token, 6
17-Apr-2020 21:41:08, inb, 10 samurai helmets, 6
17-Apr-2020 21:41:08, inb, 10 samurai faulds, 2
17-Apr-2020 21:41:08, inb, 10 samurai bow, 1
17-Apr-2020 21:41:08, inb, 10 samurai gauntlets, 1
17-Apr-2020 21:41:08, inb, 10 blue short hair, 888
17-Apr-2020 22:11:00, ins, plague doctor walk token, 315
18-Apr-2020 23:26:35, inb, catanyas, 39
20-Apr-2020 00:21:58, inb, sameowrai's guantlets token -, 810
20-Apr-2020 00:21:58, inb, sameowrai's breastplate token -, 4
20-Apr-2020 00:21:58, inb, sameowrai's helmet token -, 6
20-Apr-2020 00:21:58, inb, sameowrai's bow token -, 1
20-Apr-2020 00:21:58, inb, smaeowrai's tabi token -, 1
20-Apr-2020 00:21:58, inb, blue shorthair fur token -, 888
07-Jun-2020 04:49:20, nib, 5x conga dance, 3
07-Jun-2020 07:36:15, inb, 10x samurai cat katanas, 16
07-Jun-2020 07:36:15, inb, blue short hair, 5
07-Jun-2020 11:03:37, ins, hot sand walk token, 21
07-Jun-2020 22:09:24, inb, samurai gauntlets, 1
07-Jun-2020 22:09:24, inb, samurai breastplate, 3
07-Jun-2020 22:09:24, inb, samurai katanas, 16
07-Jun-2020 22:09:24, inb, blue short hair tokens, 5
07-Jun-2020 22:09:24, inb, wreath crown token, 2
08-Jun-2020 16:37:37, nib, loved up walk token overnight, 14
08-Jun-2020 22:51:47, nib, cth, 90
09-Jun-2020 00:25:55, nib, christmas tree hat 91s within last, 30
12-Jun-2020 05:43:38, inb, gem crown, 120
12-Jun-2020 05:43:38, inb, x2 party fever walk, 1
12-Jun-2020 05:43:38, inb, x2 hot sand walk, 23
12-Jun-2020 07:11:22, inb, 2x conga dance, 4
12-Jun-2020 20:38:49, inb, loved up walk, 20
12-Jun-2020 21:17:35, nis, last shadow gem crown 15b. took, 2
12-Jun-2020 21:18:17, inb, easter egg pet, 195
13-Jun-2020 09:33:09, nib, rb gaze, 72
13-Jun-2020 09:33:09, nib, egg pet, 176
13-Jun-2020 09:33:09, nib, dizzy stick, 72
13-Jun-2020 09:33:09, nis, stack of sameowrai's breastplates, 3
13-Jun-2020 11:19:21, inb, 2x crown of seasons, 23
13-Jun-2020 11:43:04, inb, loved up walk, 19
13-Jun-2020 15:10:42, inb, 2 - loved up walk tokens , 19
13-Jun-2020 15:15:53, nib, beachball orb, 6
13-Jun-2020 15:15:53, nib, surfboard shield, 6
13-Jun-2020 16:52:33, nis, 8 loved walks, 19
13-Jun-2020 16:52:33, inb, loved walk, 19
13-Jun-2020 16:52:33, inb, loved walk, 20
13-Jun-2020 19:40:41, inb, 2x conga dance, 4976
13-Jun-2020 19:56:07, inb, wreath crown, 2
14-Jun-2020 01:15:39, nib, santa paws, 7
14-Jun-2020 01:15:39, inb, christmas jumper (party hat) -, 6
30-Apr-2020 19:41:49, inb, sameowrai's cata-nya token -, 28
01-May-2020 01:43:15, nib, sameowrai's cata-nya token -, 29
01-May-2020 13:42:32, nis, easter egg follower, 199
02-May-2020 12:17:20, inb, chest of seasons, 23
03-May-2020 03:24:19, inb, christmas tree hat, 68
03-May-2020 05:30:11, nis, 10 luchador mask token, 40
03-May-2020 17:39:50, inb, santa paws token, 7
03-May-2020 17:39:50, inb, sameowrai's cata-nya token -, 28
04-May-2020 03:24:14, ins, plague doctor walk token, 328
04-May-2020 09:56:21, nis, 10 luchador mask token, 40
23-Apr-2020 02:46:15, inb, luchador mask token, 5
23-Apr-2020 13:23:48, inb, santa paws token -, 7
23-Apr-2020 13:23:48, inb, sameowrai's breastplate token -, 3
23-Apr-2020 20:20:35, nis, 2x samurai cat gauntlets 1.250k uc past, 24
23-Apr-2020 22:18:18, inb, sameowrai's helmet token -, 5
23-Apr-2020 22:18:18, inb, sameowrai's tabi token -, 1
23-Apr-2020 22:18:18, nib, sameowrai's faulds token -, 1
24-Apr-2020 23:27:58, inb, sameowrai's cata-nya token -, 27
24-Apr-2020 23:27:58, inb, sameowrai's helmet token -, 5
24-Apr-2020 23:27:58, inb, christmas jumper token (party hat) -, 5
25-Apr-2020 11:43:34, inb, palm tree rest token, 900
26-Apr-2020 01:30:41, nis, sameowarai gauntlets, 1
26-Apr-2020 01:30:41, nis, blue short hair tokens, 1
26-Apr-2020 01:30:41, inb, wreath crown, 1
26-Apr-2020 01:51:23, inb, stack of presents token, 5
26-Apr-2020 18:50:24, inb, crown of seasons, 14
26-Apr-2020 18:50:24, inb, conga dance, 3
26-Apr-2020 18:50:24, inb, sombrero, 690
14-Jun-2020 20:47:25, inb, sameowrai helmet, 6
14-Jun-2020 20:47:25, inb, sameowrai gauntlets, 955
14-Jun-2020 20:47:25, inb, sameowrai chestplate, 3
14-Jun-2020 20:47:25, inb, sameowrai faulds, 1
14-Jun-2020 20:47:25, inb, sameowrai bow, 976
14-Jun-2020 21:43:43, inb, sameowrai breastplate, 4
14-Jun-2020 23:11:46, inb, christmas jumper (party hat) -, 6
15-Jun-2020 03:25:58, inb, sameowrai cata-nya, 22
15-Jun-2020 13:30:18, inb, christmas tree hat -, 99
15-Jun-2020 13:30:18, nib, christmas jumper (party hat) -, 6
15-Jun-2020 14:08:09, inb, santa paws token -, 7
15-Jun-2020 17:55:13, inb, crown of seasons -, 38
20-Apr-2020 21:07:25, inb, sameowrai's breastplate token -, 3
20-Apr-2020 21:07:25, nib, sameowrai's cata-nya token -, 32
20-Apr-2020 21:16:32, inb, sameowarais gauntlets, 1
20-Apr-2020 21:16:32, inb, sameowarais bow, 980
20-Apr-2020 21:16:32, inb, blue short hair, 890
20-Apr-2020 21:16:32, nis, sameowarais helmet past 24 hr, 6
21-Apr-2020 05:15:24, inb, wreath crown, 1
21-Apr-2020 22:33:21, inb, 10x blue short hair tokens, 1
21-Apr-2020 22:33:21, inb, 5x samurai cat helmets, 7
21-Apr-2020 22:33:21, inb, 5x samurai cat gauntlet, 1
21-Apr-2020 22:33:21, inb, 5x samurai faulds, 3
21-Apr-2020 22:33:21, nib, 1x wreath crowns 1m oc past, 24
21-Apr-2020 22:33:21, inb, 2x wreath crowns, 1
22-Apr-2020 05:14:37, ins, santa paws token - , 7
22-Apr-2020 05:14:37, inb, christmas jumper token (party hat) -, 5
22-Apr-2020 06:39:12, inb, sameowrai's helmet, 5968
22-Apr-2020 22:37:47, nis, 1x santa paws, 7
13-Apr-2020 14:34:05, inb, meow pieces. hat didn't buy for, 100
13-Apr-2020 17:22:12, nib, sameowrai's bow token -, 651
13-Apr-2020 17:22:12, nib, blue shorthair fur token, 510
13-Apr-2020 17:22:12, inb, sameowrai's cata-nya token -, 29
13-Apr-2020 17:22:12, nib, sameowrai's cata-nya token -, 29
13-Apr-2020 17:22:12, inb, sameowrai's faulds token -, 1
14-Apr-2020 02:29:18, inb, sameowrai's helmet token -, 6
14-Apr-2020 02:29:18, inb, sameowrai's faulds token -, 2
14-Apr-2020 02:29:18, inb, sameowrai's guantlets token -, 656
14-Apr-2020 02:29:18, inb, sameorai's bow token -, 604
14-Apr-2020 02:29:18, ins, sameowrai's breastplate token -, 6
14-Apr-2020 02:29:18, inb, santa paws token -, 6
14-Apr-2020 06:35:21, inb, cloak of seasons 80 000, 000
14-Apr-2020 06:35:21, inb, chest of seasons 23 995, 000
14-Apr-2020 06:35:21, inb, bottoms of seasons 19 977, 000
14-Apr-2020 10:35:49, nis,  a few catanya tokens, 40
14-Apr-2020 22:05:07, inb, 20x samurai cat helmets, 5
14-Apr-2020 22:05:07, inb, 20x gloves, 700
14-Apr-2020 22:05:07, inb, 20x blue short hair, 700
14-Apr-2020 22:05:07, ins, wreath token, 1
15-Apr-2020 02:42:36, inb, 10x cat samurai helmets, 5
15-Apr-2020 02:42:36, inb, 20x cat gloves, 790
15-Apr-2020 02:42:36, nib, 10x blue short hair, 560
31-May-2020 22:31:22, ins, plague, 438
31-May-2020 22:59:38, nis, christmas tree hat, 98
01-Jun-2020 01:41:37, inb, plague 450m, 1
01-Jun-2020 13:20:00, inb, paws from 7.082.500 -, 7
28-Mar-2020 16:02:14, nib, christmas jumper (party hat) token, 6
29-Mar-2020 06:27:33, inb, keg companion pet token, 34
29-Mar-2020 20:46:50, inb, pet of seasons, 110
29-Mar-2020 21:03:40, inb, crown of seasons, 14
30-Mar-2020 02:46:36, nib, beach armour override token, 4
31-Mar-2020 19:03:55, inb, santa paws token -, 7
31-Mar-2020 19:03:55, inb, christmas jumper token (party hat) -, 7
31-Mar-2020 21:41:13, inb, clover 2h sword token, 50
31-Mar-2020 21:41:13, inb, clover staff token, 63
31-Mar-2020 21:41:13, inb, rainbow aura, 500
22-Mar-2020 17:12:15, inb, keg, 34
22-Mar-2020 17:22:12, nis, keg, 34
22-Mar-2020 20:14:38, nib, christmas jumper token (party hat) -, 7
22-Mar-2020 20:14:38, inb, santa paws token -, 6
23-Mar-2020 15:04:40, inb, santa paws token -, 7
24-Mar-2020 18:22:23, nib, cloak of season, 70
24-Mar-2020 21:25:40, nis, tree hat, 73
25-Mar-2020 02:30:28, inb, gem cape token, 825
15-Jun-2020 18:16:49, inb, christmas jumper token (party hat) -, 6
15-Jun-2020 18:16:49, inb, santa paws token -, 7
15-Jun-2020 18:53:58, nis, crown of season, 38
15-Jun-2020 19:27:19, inb, cth, 97
15-Jun-2020 19:27:19, inb, gloves of season, 17
15-Jun-2020 19:27:19, nis, conga, 4
15-Jun-2020 19:27:19, nis, bottoms of season, 37
15-Jun-2020 19:36:08, inb, crown of seasons 34,749,988, 1
15-Jun-2020 21:44:32, nib, plague doc walk, 450
16-Jun-2020 00:02:13, inb, sameowrai breastplate, 5
20-Jun-2020 20:32:05, ins, 1x catyana, 37
20-Jun-2020 20:32:05, inb, clover parasol, 65
20-Jun-2020 21:22:06, inb, christmas tree hat x6, 100
20-Jun-2020 21:28:32, nis, cth, 99
20-Jun-2020 21:28:32, nib, cth, 97
20-Jun-2020 21:28:32, nis, conga, 4
20-Jun-2020 22:01:27, inb, seahorse balloon, 7
20-Jun-2020 22:01:27, inb, starfish balloon, 8
20-Jun-2020 22:01:27, inb, pufferfish balloon, 4
20-Jun-2020 22:01:27, ins, mimic plushies, 25
20-Jun-2020 22:13:22, inb, seahorse balloon, 7
20-Jun-2020 22:13:22, inb, starfish balloon, 10
20-Jun-2020 22:13:22, inb, pufferfish balloon, 5
20-Jun-2020 22:23:55, inb, x 12 pufferfish balloons, 5
20-Jun-2020 22:23:55, inb, x 12 seahorse balloons, 7
20-Jun-2020 22:23:55, inb, x 12 starfish balloons , 9
20-Jun-2020 23:20:08, inb, christmas jumper & glacial shield bow... 5m flat and, 4980
09-Apr-2020 20:53:51, inb, sameowrai's helmet token, 6
09-Apr-2020 20:53:51, inb, sameowrai's tabi token, 2
09-Apr-2020 20:53:51, inb, sameowrai's breastplate token, 5
09-Apr-2020 20:53:51, inb, sameowrai's faulds token, 3
09-Apr-2020 20:53:51, inb, sameowrai's gauntlets token, 1
09-Apr-2020 20:53:51, inb, sameowrai's bow token, 1
09-Apr-2020 20:53:51, inb, blue shorthair fur token, 1
10-Apr-2020 17:00:44, inb, blue shorthair fur token -, 530
10-Apr-2020 17:00:44, inb, sameowrai's gauntlets token -, 1052
10-Apr-2020 17:00:44, inb, sameowrai's helmet token -, 4
10-Apr-2020 17:00:44, inb, sameowrai's tabi token -, 1
10-Apr-2020 17:00:44, inb, sameowrai cata-nya token -, 22
10-Apr-2020 21:06:58, inb, santa paws, 6
10-Apr-2020 21:06:58, inb, christmas jumper (party hat), 6
11-Apr-2020 04:09:11, inb, 10x cat katanas, 17
11-Apr-2020 04:09:11, inb, wreath crown, 1
11-Apr-2020 04:09:11, ins, wreath crown 1, 5
12-Apr-2020 09:30:29, nis, sameowrai's breastplate, 7
13-Apr-2020 08:01:41, inb, 10 catanyas, 29
13-Apr-2020 12:19:26, nis, 10x catanyas, 40
06-Apr-2020 16:18:51, nis, plague walk token, 373
07-Apr-2020 23:03:36, ins, shadow gem necklace token, 4
07-Apr-2020 23:03:36, ins, shadow gem crown token, 5
07-Apr-2020 23:11:07, inb, santa paws token -, 7
07-Apr-2020 23:11:07, inb, christmas jumper (party hat) token -, 6
08-Apr-2020 02:31:57, nis, 60x buddy pets 2850k each past, 5
09-Apr-2020 04:42:12, inb, sameowari's tabi token, 7300
09-Apr-2020 17:07:46, inb, santa paws token, 6
09-Apr-2020 18:44:25, inb, hot sand walk, 14
09-Apr-2020 18:44:25, inb, another one, 16
09-Apr-2020 19:45:38, inb, blue short hair, 1
09-Apr-2020 19:45:38, inb, sam bow, 1
09-Apr-2020 19:45:38, inb, sam gauntlets, 1
09-Apr-2020 19:45:38, inb, sam faulds, 3
09-Apr-2020 19:45:38, inb, sam breastplaate, 6
09-Apr-2020 19:45:38, inb, sam tabi, 3
09-Apr-2020 19:45:38, inb, sam cata-nya, 28
30-May-2020 22:01:57, inb, plague, 400
30-May-2020 23:02:33, inb, plague walk 2x, 400
31-May-2020 10:48:23, inb, plague walk, 420
31-May-2020 11:05:41, nis, plague walk, 439
31-May-2020 13:21:37, inb, crown of season, 19
31-May-2020 13:21:37, nis, crab hat, 2
31-May-2020 13:21:37, nis, christmas tree hat, 98
31-May-2020 13:21:37, nis, fish mask, 2
31-May-2020 13:21:37, inb, rubber turkey, 0
31-May-2020 13:21:37, ins, offhanded rubber turkey, 1
31-May-2020 15:48:22, inb, cth, 98
15-Apr-2020 16:31:19, inb, santa paws token -, 6
15-Apr-2020 16:31:19, inb, sameowrai's breastplate token -, 3
15-Apr-2020 16:31:19, inb, sameowrai's helmet token -, 5
15-Apr-2020 21:13:38, nib, sameowrai's breastplate token, 3
15-Apr-2020 22:06:03, inb, 2x wreath crowns, 1
15-Apr-2020 22:06:03, inb, 20x samurai cat gauntlets, 832
15-Apr-2020 22:06:03, inb, 20x blue short hair token, 695
15-Apr-2020 22:06:03, ins, 5x santa paws, 6
16-Apr-2020 05:02:53, inb, samurai cat gauntlet, 935
16-Apr-2020 05:02:53, inb, blue short hair token, 762
16-Apr-2020 15:53:21, inb, 2x hot sand walks, 11
16-Apr-2020 15:53:21, inb, 2x conga dance, 3
16-Apr-2020 15:53:21, inb, 1x sameowrai's faulds, 2
16-Apr-2020 15:53:21, inb, 1x sameowrai's brestplate, 4
16-Apr-2020 15:53:21, inb, 2x crown of seasons, 14
16-Apr-2020 15:53:21, inb, 1x crab hat (t), 2
16-Apr-2020 15:53:21, inb, 1x fish mash, 1
16-Apr-2020 16:26:08, inb, sameowrai's cata-nya token -, 34
16-Apr-2020 16:26:08, inb, santa paws token -, 6
16-Apr-2020 21:22:51, inb, samurai gauntlets, 1
16-Apr-2020 21:22:51, inb, blue short hairs, 850
16-Apr-2020 21:40:09, ins, samurai gauntlets, 400
04-May-2020 21:40:11, nib, 1 rainbow cape, 25
05-May-2020 16:05:31, inb, crown of seasons, 13
06-May-2020 14:40:22, ins, pet of seasons token, 91
07-May-2020 04:14:24, inb, wreath crown, 1
07-May-2020 04:14:24, inb, samurai cat bow, 1
07-May-2020 04:14:24, inb, samurai cat helmet, 5
07-May-2020 04:14:24, inb, samurai gauntlets, 1
07-May-2020 04:14:24, inb, samurai cat faulds, 2
07-May-2020 04:14:24, inb, blue short hair, 1
07-May-2020 19:22:28, nis, 61x cata-nya tokens, 34
17-May-2020 17:09:18, inb, christmas jumper token (party hat) -, 5
17-May-2020 17:09:18, inb, sameowrai's faulds token -, 2
17-May-2020 17:09:18, inb, sameowrai's tabi token -, 1
17-May-2020 17:09:18, inb, sameowrai's bow token -, 1
17-May-2020 17:09:18, inb, sameowrai's gauntlets token -, 1
17-May-2020 19:25:24, inb, assassin walk override, 1509
17-May-2020 20:30:50, inb, rubber turkey, 0
17-May-2020 20:30:50, inb, christmas lootbeam, 2
17-May-2020 20:30:50, nis, crab hat, 2
17-May-2020 20:30:50, nis, fish mask, 2
18-May-2020 11:30:55, nis, plague doctor walk  329m  (trade from, 2
18-May-2020 11:30:55, nib, gem necklace, 38
18-May-2020 11:30:55, nis, rei ti ronin tunic, 3
18-May-2020 19:09:22, ins, resting tokens -, 899
19-May-2020 13:23:33, inb, christmas jumper token (party hat) -, 6
27-Apr-2020 22:53:59, nis, sameowrai helmet token, 6
27-Apr-2020 22:53:59, inb, sameowrai gauntlet token -, 978
27-Apr-2020 22:53:59, inb, sameowrai faulds token -, 1
29-Apr-2020 11:19:20, inb, fish in bag 13.4 inb, 18
30-Apr-2020 14:21:37, nis, chest of seasons, 25
30-Apr-2020 14:21:37, nis, cloak of seasons, 80
19-Mar-2020 22:09:44, inb, christmas jumper (party hat) token -, 6
19-Mar-2020 22:09:44, inb, santa paws token -, 7
20-Mar-2020 05:24:02, inb, pet of seasons, 117
20-Mar-2020 05:24:02, inb, pet of seasons, 118
20-Mar-2020 22:20:45, inb, beach armour override token -, 6
21-Mar-2020 06:21:57, inb, mallet token, 112
21-Mar-2020 23:46:36, inb, santa paws token -, 7
21-Mar-2020 23:46:36, inb, christmas jumper token (party hat) -, 8
21-Mar-2020 23:46:36, inb, beach armour override token -, 5
21-Mar-2020 23:46:36, inb, beach armour override token -, 6
22-Mar-2020 04:04:38, inb, christmas tree jumper, 2
22-Mar-2020 04:59:23, nis, tree hat, 70
04-Jun-2020 13:09:00, nis, several fish masks last, 2
05-Jun-2020 17:48:07, inb, blue short hair token, 2
05-Jun-2020 17:48:10, inb, blue short hair token, 2
05-Jun-2020 17:48:12, inb, blue short hair token, 2
05-Jun-2020 23:37:03, nib, santa paws, 6
05-Jun-2020 23:37:03, nib, conga dance, 3
05-Jun-2020 23:37:03, nib, hot sand walk, 21
06-Jun-2020 05:30:49, inb, plague walk token, 474
06-Jun-2020 21:11:44, inb, sameowrai's cata-nya token -, 15
14-May-2020 00:36:28, inb, tree hat, 88
14-May-2020 02:22:45, inb, palm tree rest token, 900
14-May-2020 20:45:46, nis, 80 novtumberfest outfit tokens prives between 8m to, 8
15-May-2020 17:43:01, ins, sameowrai cata-nya, 26
15-May-2020 17:43:01, inb, sameowrai bow, 1
15-May-2020 17:43:01, inb, sameowrai gauntlet, 1
15-May-2020 17:43:01, inb, easter egg hat token for, 2
16-May-2020 02:55:00, inb, christmas jumper token (party hat) -, 5
16-May-2020 16:06:34, inb, cloak of season, 77
07-May-2020 23:24:48, inb, samurai cat helmet, 5
07-May-2020 23:24:48, inb, samurai cat faulds, 2
07-May-2020 23:24:48, inb, samurai cat gauntlets, 2
07-May-2020 23:24:48, inb, samurai cat bows, 1
07-May-2020 23:24:48, inb, samurai cat katana, 39
07-May-2020 23:24:48, inb, santa paws, 7
07-May-2020 23:24:48, inb, wreath crown, 1
08-May-2020 00:51:47, nis, 61x cata-nya tokens, 34
11-May-2020 15:24:34, inb, christmas jumper token (party hat) -, 4
11-May-2020 15:24:34, inb, santa paws token -, 6
11-May-2020 16:22:07, nis, sameowrai breastplate 7940k last, 24
12-May-2020 14:04:18, inb, christmas jumper token (party hat) -, 5
12-May-2020 14:04:18, inb, sameowrai's cata-nya token -, 29
12-May-2020 14:04:18, inb, santa paws token -, 7
12-May-2020 14:04:18, inb, sameowrai's helmet -, 5
12-May-2020 17:02:10, nis, gem necklace token 55,666,777 x, 2
13-May-2020 14:43:13, inb, christmas jumper token (party hat) -, 4
13-May-2020 14:43:13, inb, sameowrai's faulds token -, 2
13-May-2020 22:02:44, nis, two hawai'i parasol token's -, 450
01-Apr-2020 19:57:17, nis, hot sand walk tokens 2x, 28
02-Apr-2020 18:19:42, inb, hot sand walk token, 26
02-Apr-2020 18:27:27, nib, christmas jumper (party hat) token -, 6
02-Apr-2020 18:27:27, inb, santa paws token -, 6
04-Apr-2020 03:47:45, inb, christmas jumper (party hat) token -, 7
04-Apr-2020 03:47:45, inb, santa paws token -, 6
04-Apr-2020 03:47:45, inb, rainbow aura , 618
04-Apr-2020 03:47:45, inb, clover 2h token -, 10
04-Apr-2020 16:28:53, nib, 10x santa paw tokens, 6
04-Apr-2020 16:28:53, inb, christmas jumper (party hat) token -, 7
04-Apr-2020 23:36:18, inb, tree hat, 70
30-May-2020 00:11:58, nib, christmas tree hat, 95
30-May-2020 00:33:22, nib, luchador mask token, 4
30-May-2020 04:45:31, inb, plague walks 323m ->, 350
30-May-2020 13:07:44, inb, plagues, 360
30-May-2020 17:45:12, inb, plagues, 360
30-May-2020 17:45:12, inb, 2x plague 375m,, 379
30-May-2020 20:09:12, ins, one plague walk earlier, 380
30-May-2020 21:29:46, nib, plague, 400
22-May-2020 14:28:31, inb, santa paws, 8099
23-May-2020 17:35:40, inb, crown of seasons, 18
23-May-2020 22:48:03, nis, zoltan plushie 17.5m  (around 12 to, 36
24-May-2020 17:10:39, inb, party fever walk, 2
24-May-2020 17:10:39, inb, loved up walk, 9
24-May-2020 21:00:15, inb, chest of seasons, 33
24-May-2020 21:00:15, nib, bottoms of seasons, 27
25-May-2020 05:31:12, nib,  cloak of seasons , 78
25-May-2020 23:56:55, nib, pet of seasons, 96
25-May-2020 23:56:55, nis, rei ti ronin bracers & tabi, 4
25-May-2020 23:56:55, nib, gem necklace, 39
26-Mar-2020 04:56:47, inb, christmas tree jumper  -, 2
26-Mar-2020 20:37:31, nis, tree hat, 77
26-Mar-2020 20:37:31, inb, tree hat, 73
27-Mar-2020 00:00:35, nib, christmas jumper (party hat) token -, 6
27-Mar-2020 07:28:42, nis, tree hat, 80
27-Mar-2020 21:41:53, inb, 25x paws, 7
27-Mar-2020 21:41:53, inb, 2x wreath tokens, 1
27-Mar-2020 21:41:53, inb, rainbow gaze, 100
28-Mar-2020 07:41:27, nib, tree hat, 71
28-Mar-2020 14:44:15, inb, santa paws, 7
28-Mar-2020 14:44:15, inb, santa paws, 7
28-Mar-2020 15:55:14, ins, wolpertinger pet, 16
